Acct Number,Acct Account Short Name,Line Of Business,Acct Post No Txn Ind,Maint Txn Process Date,Maint Txn Transaction Code,Maint Txn Keyword Description,Maint Txn Maintenance Trans Keyword,Maint Txn Maintenance User ID,Maint Txn Maintenance Email,Maint Txn Maintenance Name Short,Maint Txn Maintenance Display Name
1042837,Nexus Capital LLC,Private Wealth,Y,4/6/2026,380,POST INDICATOR,POSTSW,W992001,michael.nash@cibc.com,ad\mnash,Michael Nash
2837491,Pinnacle Ventures LTD,Commercial Banking,Y,4/7/2026,380,POST INDICATOR,POSTSW,W992001,michael.nash@cibc.com,ad\mnash,Michael Nash
3920184,Horizon Dynamics INC,Commercial Real Estate,Y,4/17/2026,380,POST INDICATOR,POSTSW,W992002,nancy.ortiz@cibc.com,ad\nortiz,Nancy Ortiz
4817263,Sterling Solutions LLC,Commercial Banking,Y,4/17/2026,380,POST INDICATOR,POSTSW,W992003,oscar.patel@cibc.com,ad\opatel,Oscar Patel
5293847,Apex Financial Group INC,Private Wealth,Y,4/20/2026,380,POST INDICATOR,POSTSW,W992004,patricia.quinn@cibc.com,ad\pquinn,Patricia Quinn
6748291,BlueCrest Holdings LTD,Commercial Real Estate,Y,4/16/2026,380,POST INDICATOR,POSTSW,W992005,quincy.ross@cibc.com,ad\qross,Quincy Ross
7391028,Ironclad Enterprises LLC,Commercial Banking,Y,4/10/2026,380,POST INDICATOR,POSTSW,W992006,rachel.smith@cibc.com,ad\rsmith,Rachel Smith
8204756,Vantage Point Capital INC,Retail & Digital Banking,Y,4/20/2026,380,POST INDICATOR,POSTSW,W992007,samuel.taylor@cibc.com,ad\staylor,Samuel Taylor
9183746,Redwood Advisory LTD,Private Wealth,Y,4/22/2026,380,POST INDICATOR,POSTSW,W992008,tina.upton@cibc.com,ad\tupton,Tina Upton
1029384,Crestview Partners LLC,Commercial Banking,Y,4/23/2026,380,POST INDICATOR,POSTSW,W992009,ulysses.vega@cibc.com,ad\uvega,Ulysses Vega
2847561,Monarch Industries INC,Commercial Real Estate,Y,4/23/2026,380,POST INDICATOR,POSTSW,W992010,victoria.wang@cibc.com,ad\vwang,Victoria Wang
3748291,Silverline Group LTD,Private Wealth,Y,4/24/2026,380,POST INDICATOR,POSTSW,W992011,william.xu@cibc.com,ad\wxu,William Xu
4920183,Titan Wealth Management LLC,Private Wealth,Y,4/24/2026,380,POST INDICATOR,POSTSW,W992011,william.xu@cibc.com,ad\wxu,William Xu
5837264,Cascade Investments INC,Commercial Banking,Y,4/15/2026,380,POST INDICATOR,POSTSW,W992012,xena.young@cibc.com,ad\xyoung,Xena Young
6291847,Harborview Capital LTD,Commercial Real Estate,Y,4/9/2026,380,POST INDICATOR,POSTSW,W992013,yolanda.zhang@cibc.com,ad\yzhang,Yolanda Zhang
7483920,Zenith Consulting LLC,Other,Y,4/6/2026,380,POST INDICATOR,POSTSW,W992014,zachary.adams@cibc.com,ad\zadams,Zachary Adams
8374619,Meridian Holdings INC,Commercial Banking,Y,4/16/2026,380,POST INDICATOR,POSTSW,W992015,alice.baker@cibc.com,ad\abaker,Alice Baker
9274831,Lakeside Financial LTD,Private Wealth,Y,4/9/2026,380,POST INDICATOR,POSTSW,W992016,brian.clark@cibc.com,ad\bclark,Brian Clark
1837264,Northstar Enterprises LLC,Commercial Real Estate,Y,4/22/2026,380,POST INDICATOR,POSTSW,W992017,cynthia.davis@cibc.com,ad\cdavis,Cynthia Davis
2948371,Coastal Dynamics INC,Retail & Digital Banking,Y,4/9/2026,380,POST INDICATOR,POSTSW,W992018,derek.edwards@cibc.com,ad\dedwards,Derek Edwards
3847291,Summit Ridge Capital LTD,Commercial Banking,Y,4/16/2026,380,POST INDICATOR,POSTSW,W992019,emma.fisher@cibc.com,ad\efisher,Emma Fisher
4738291,Falcon Asset Management LLC,Private Wealth,Y,4/16/2026,380,POST INDICATOR,POSTSW,W992020,frank.garcia@cibc.com,ad\fgarcia,Frank Garcia
5920183,Grandview Investments INC,Commercial Real Estate,Y,4/13/2026,380,POST INDICATOR,POSTSW,W992021,grace.hill@cibc.com,ad\ghill,Grace Hill
6847392,Clearwater Holdings LTD,Commercial Banking,Y,4/15/2026,380,POST INDICATOR,POSTSW,W992021,grace.hill@cibc.com,ad\ghill,Grace Hill
7293847,Ironwood Partners LLC,Other,Y,4/7/2026,380,POST INDICATOR,POSTSW,W992022,henry.irving@cibc.com,ad\hirving,Henry Irving
8374920,Pacific Crest Capital INC,Commercial Banking,Y,4/14/2026,380,POST INDICATOR,POSTSW,W992023,irene.jackson@cibc.com,ad\ijackson,Irene Jackson
9483726,Westfield Advisory LTD,Private Wealth,Y,4/20/2026,380,POST INDICATOR,POSTSW,W992024,james.kelly@cibc.com,ad\jkelly,James Kelly
1293847,Bridgepoint Enterprises LLC,Commercial Real Estate,Y,4/14/2026,380,POST INDICATOR,POSTSW,W992025,karen.lewis@cibc.com,ad\klewis,Karen Lewis
2748391,Keystone Financial INC,Commercial Banking,Y,4/29/2026,380,POST INDICATOR,POSTSW,W992026,larry.martin@cibc.com,ad\lmartin,Larry Martin
3920847,Riverview Holdings LTD,Retail & Digital Banking,Y,4/20/2026,380,POST INDICATOR,POSTSW,W992027,mary.nelson@cibc.com,ad\mnelson,Mary Nelson
4837261,Highmark Capital LLC,Private Wealth,Y,4/14/2026,380,POST INDICATOR,POSTSW,W992028,nathan.owens@cibc.com,ad\nowens,Nathan Owens
5748392,Cornerstone Ventures INC,Commercial Banking,Y,4/15/2026,380,POST INDICATOR,POSTSW,W992029,olivia.parker@cibc.com,ad\oparker,Olivia Parker
6293847,Bluewater Group LTD,Commercial Real Estate,Y,4/15/2026,380,POST INDICATOR,POSTSW,W992030,peter.quinn@cibc.com,ad\pquinn2,Peter Quinn
7483921,Crestwood Partners LLC,Private Wealth,Y,4/10/2026,380,POST INDICATOR,POSTSW,W992031,rosa.santos@cibc.com,ad\rsantos,Rosa Santos
8374291,Oakridge Investments INC,Commercial Banking,Y,4/7/2026,380,POST INDICATOR,POSTSW,W992032,steven.turner@cibc.com,ad\sturner,Steven Turner
9283746,Silverstone Holdings LTD,Other,Y,4/16/2026,380,POST INDICATOR,POSTSW,W992033,tracy.underwood@cibc.com,ad\tunderwood,Tracy Underwood
1748392,Greenfield Capital LLC,Commercial Real Estate,Y,4/16/2026,380,POST INDICATOR,POSTSW,W992033,tracy.underwood@cibc.com,ad\tunderwood,Tracy Underwood
2839471,Northgate Enterprises INC,Commercial Banking,Y,4/16/2026,380,POST INDICATOR,POSTSW,W992034,victor.valdez@cibc.com,ad\vvaldez,Victor Valdez
3748920,Lakeview Advisory LTD,Private Wealth,Y,4/10/2026,380,POST INDICATOR,POSTSW,W992035,wendy.white@cibc.com,ad\wwhite,Wendy White
4920371,Redstone Partners LLC,Commercial Banking,Y,4/16/2026,380,POST INDICATOR,POSTSW,W992036,xavier.yang@cibc.com,ad\xyang,Xavier Yang
5837492,Horizon Peak Capital INC,Commercial Real Estate,Y,4/16/2026,380,POST INDICATOR,POSTSW,W992037,yvette.zimmerman@cibc.com,ad\yzimmerman,Yvette Zimmerman
6748391,Westbrook Holdings LTD,Retail & Digital Banking,Y,4/7/2026,380,POST INDICATOR,POSTSW,W992038,aaron.brooks@cibc.com,ad\abrooks,Aaron Brooks
7293841,Maple Leaf Ventures LLC,Commercial Banking,Y,4/10/2026,380,POST INDICATOR,POSTSW,W992039,betty.campbell@cibc.com,ad\bcampbell,Betty Campbell
8374926,Goldcrest Financial INC,Private Wealth,Y,4/9/2026,380,POST INDICATOR,POSTSW,W992040,charles.douglas@cibc.com,ad\cdouglas,Charles Douglas
9283741,Ironbridge Group LTD,Commercial Real Estate,Y,4/27/2026,380,POST INDICATOR,POSTSW,W992041,debra.ellis@cibc.com,ad\dellis,Debra Ellis
1839274,Clearfield Capital LLC,Commercial Banking,Y,4/10/2026,380,POST INDICATOR,POSTSW,W992042,eric.ford@cibc.com,ad\eford,Eric Ford
2748293,Sunridge Investments INC,Other,Y,4/9/2026,380,POST INDICATOR,POSTSW,W992043,frances.green@cibc.com,ad\fgreen,Frances Green
3920748,Eastwood Holdings LTD,Private Wealth,Y,4/21/2026,380,POST INDICATOR,POSTSW,W992044,gary.hamilton@cibc.com,ad\ghamilton,Gary Hamilton
4837294,Whitestone Partners LLC,Commercial Banking,Y,4/7/2026,380,POST INDICATOR,POSTSW,W992045,helen.ingram@cibc.com,ad\hingram,Helen Ingram
5748293,Broadview Capital INC,Commercial Real Estate,Y,4/15/2026,380,POST INDICATOR,POSTSW,W992046,ian.jenkins@cibc.com,ad\ijenkins,Ian Jenkins
6293748,Harborlight Group LTD,Private Wealth,Y,4/17/2026,380,POST INDICATOR,POSTSW,W992047,janet.king@cibc.com,ad\jking,Janet King
7483926,Ridgeline Enterprises LLC,Commercial Banking,Y,4/29/2026,380,POST INDICATOR,POSTSW,W992047,janet.king@cibc.com,ad\jking,Janet King
8374293,Stonewall Financial INC,Retail & Digital Banking,Y,4/8/2026,380,POST INDICATOR,POSTSW,W992048,keith.lawson@cibc.com,ad\klawson,Keith Lawson
9283748,Bluestone Holdings LTD,Commercial Real Estate,Y,4/6/2026,380,POST INDICATOR,POSTSW,W992049,lisa.mitchell@cibc.com,ad\lmitchell,Lisa Mitchell
1748293,Greenstone Capital LLC,Private Wealth,Y,4/7/2026,380,POST INDICATOR,POSTSW,W992050,mark.newman@cibc.com,ad\mnewman,Mark Newman
2839274,Northbrook Ventures INC,Commercial Banking,Y,4/14/2026,380,POST INDICATOR,POSTSW,W992051,nina.olson@cibc.com,ad\nolson,Nina Olson
3748293,Lakewood Advisory LTD,Commercial Real Estate,Y,4/30/2026,380,POST INDICATOR,POSTSW,W992052,oliver.price@cibc.com,ad\oprice,Oliver Price
4920374,Redfield Partners LLC,Other,Y,4/20/2026,380,POST INDICATOR,POSTSW,W992053,paula.quinn@cibc.com,ad\pquinn3,Paula Quinn
5837294,Summit Capital Group INC,Commercial Banking,Y,4/13/2026,380,POST INDICATOR,POSTSW,W992054,raymond.ross@cibc.com,ad\rross,Raymond Ross
6748293,Westgate Holdings LTD,Private Wealth,Y,4/21/2026,380,POST INDICATOR,POSTSW,W992055,sandra.stone@cibc.com,ad\sstone,Sandra Stone
7293748,Maplewood Enterprises LLC,Commercial Real Estate,Y,4/6/2026,380,POST INDICATOR,POSTSW,W992056,thomas.tucker@cibc.com,ad\ttucker,Thomas Tucker
8374293,Goldfield Financial INC,Commercial Banking,Y,4/22/2026,380,POST INDICATOR,POSTSW,W992057,ursula.underwood@cibc.com,ad\uunderwood,Ursula Underwood
9283748,Ironstone Group LTD,Retail & Digital Banking,Y,4/16/2026,380,POST INDICATOR,POSTSW,W992058,vincent.vance@cibc.com,ad\vvance,Vincent Vance
1839274,Clearstone Capital LLC,Private Wealth,Y,4/17/2026,380,POST INDICATOR,POSTSW,W992059,wanda.walker@cibc.com,ad\wwalker,Wanda Walker
2748293,Sunfield Investments INC,Commercial Banking,Y,4/14/2026,380,POST INDICATOR,POSTSW,W992060,xavier.xavier@cibc.com,ad\xxavier,Xavier Xavier
3920748,Eastgate Holdings LTD,Commercial Real Estate,Y,4/27/2026,380,POST INDICATOR,POSTSW,W992061,yolanda.york@cibc.com,ad\yyork,Yolanda York
4837294,Whitefield Partners LLC,Commercial Banking,Y,4/21/2026,380,POST INDICATOR,POSTSW,W992061,yolanda.york@cibc.com,ad\yyork,Yolanda York
5748293,Broadstone Capital INC,Private Wealth,Y,4/17/2026,380,POST INDICATOR,POSTSW,W992062,zane.zimmerman@cibc.com,ad\zzimmerman,Zane Zimmerman
6293748,Harborstone Group LTD,Other,Y,4/30/2026,380,POST INDICATOR,POSTSW,W992063,amy.anderson@cibc.com,ad\aanderson,Amy Anderson
7483926,Ridgewood Enterprises LLC,Commercial Banking,Y,4/27/2026,380,POST INDICATOR,POSTSW,W992064,bob.brown@cibc.com,ad\bbrown,Bob Brown
8374293,Stonefield Financial INC,Commercial Real Estate,Y,4/29/2026,380,POST INDICATOR,POSTSW,W992065,carol.carter@cibc.com,ad\ccarter,Carol Carter
9283748,Bluefield Holdings LTD,Private Wealth,Y,4/22/2026,380,POST INDICATOR,POSTSW,W992066,dan.davis@cibc.com,ad\ddavis,Dan Davis
1748293,Greenridge Capital LLC,Commercial Banking,Y,4/15/2026,380,POST INDICATOR,POSTSW,W992067,eve.edwards@cibc.com,ad\eedwards,Eve Edwards
2839274,Northfield Ventures INC,Retail & Digital Banking,Y,4/17/2026,380,POST INDICATOR,POSTSW,W992068,fred.foster@cibc.com,ad\ffoster,Fred Foster
3748293,Lakefield Advisory LTD,Commercial Real Estate,Y,4/29/2026,380,POST INDICATOR,POSTSW,W992069,gina.garcia@cibc.com,ad\ggarcia,Gina Garcia
4920374,Redridge Partners LLC,Commercial Banking,Y,4/16/2026,380,POST INDICATOR,POSTSW,W992070,hank.harris@cibc.com,ad\hharris,Hank Harris
5837294,Summit Ridge Group INC,Private Wealth,Y,4/22/2026,380,POST INDICATOR,POSTSW,W992071,ivy.irwin@cibc.com,ad\iirwin,Ivy Irwin
6748293,Westfield Holdings LTD,Commercial Real Estate,Y,4/9/2026,380,POST INDICATOR,POSTSW,W992072,jack.jones@cibc.com,ad\jjones,Jack Jones
7293748,Maplefield Enterprises LLC,Commercial Banking,Y,4/30/2026,380,POST INDICATOR,POSTSW,W992073,kate.king@cibc.com,ad\kking,Kate King
8374293,Goldridge Financial INC,Other,Y,4/15/2026,380,POST INDICATOR,POSTSW,W992074,leo.lewis@cibc.com,ad\llewis,Leo Lewis
9283748,Ironfield Group LTD,Private Wealth,Y,4/29/2026,380,POST INDICATOR,POSTSW,W992075,mia.martin@cibc.com,ad\mmartin,Mia Martin
1839274,Clearridge Capital LLC,Commercial Banking,Y,4/8/2026,380,POST INDICATOR,POSTSW,W992076,ned.nelson@cibc.com,ad\nnelson,Ned Nelson
2748293,Sunstone Investments INC,Commercial Real Estate,Y,4/16/2026,380,POST INDICATOR,POSTSW,W992077,ora.owens@cibc.com,ad\oowens,Ora Owens
3920748,Eastfield Holdings LTD,Retail & Digital Banking,Y,4/30/2026,380,POST INDICATOR,POSTSW,W992077,ora.owens@cibc.com,ad\oowens,Ora Owens
4837294,Whitestone Partners INC,Commercial Banking,Y,4/29/2026,380,POST INDICATOR,POSTSW,W992078,pat.parker@cibc.com,ad\pparker,Pat Parker
5748293,Broadfield Capital LLC,Private Wealth,Y,4/10/2026,380,POST INDICATOR,POSTSW,W992079,quinn.quinn@cibc.com,ad\qquinn,Quinn Quinn
6293748,Harborfield Group LTD,Commercial Real Estate,Y,4/21/2026,380,POST INDICATOR,POSTSW,W992080,ray.roberts@cibc.com,ad\rroberts,Ray Roberts
7483926,Ridgefield Enterprises INC,Commercial Banking,Y,4/13/2026,380,POST INDICATOR,POSTSW,W992081,sue.smith@cibc.com,ad\ssmith,Sue Smith
8374293,Stonegate Financial LLC,Other,Y,4/15/2026,380,POST INDICATOR,POSTSW,W992082,tom.taylor@cibc.com,ad\ttaylor,Tom Taylor
9283748,Bluegate Holdings LTD,Private Wealth,Y,4/24/2026,380,POST INDICATOR,POSTSW,W992083,uma.underwood@cibc.com,ad\uunderwood2,Uma Underwood
1748293,Greengate Capital INC,Commercial Banking,Y,4/6/2026,380,POST INDICATOR,POSTSW,W992084,vic.vega@cibc.com,ad\vvega,Vic Vega
2839274,Northgate Ventures LLC,Commercial Real Estate,Y,4/29/2026,380,POST INDICATOR,POSTSW,W992085,wes.white@cibc.com,ad\wwhite2,Wes White
3748293,Lakegate Advisory LTD,Private Wealth,Y,4/10/2026,380,POST INDICATOR,POSTSW,W992086,xander.xu@cibc.com,ad\xxu,Xander Xu
4920374,Redgate Partners INC,Commercial Banking,Y,4/23/2026,380,POST INDICATOR,POSTSW,W992087,yara.young@cibc.com,ad\yyoung,Yara Young
5837294,Summit Gate Group LLC,Retail & Digital Banking,Y,4/21/2026,380,POST INDICATOR,POSTSW,W992088,zack.zhang@cibc.com,ad\zzhang,Zack Zhang
6748293,Westgate Capital LTD,Commercial Real Estate,Y,4/10/2026,380,POST INDICATOR,POSTSW,W992089,anna.allen@cibc.com,ad\aallen,Anna Allen
7293748,Maplegate Enterprises INC,Commercial Banking,Y,4/10/2026,380,POST INDICATOR,POSTSW,W992090,ben.baker@cibc.com,ad\bbaker,Ben Baker
8374293,Goldgate Financial LLC,Private Wealth,Y,4/17/2026,380,POST INDICATOR,POSTSW,W992091,clara.clark@cibc.com,ad\cclark,Clara Clark
9283748,Irongate Group LTD,Commercial Real Estate,Y,4/8/2026,380,POST INDICATOR,POSTSW,W992091,clara.clark@cibc.com,ad\cclark,Clara Clark
1839274,Cleargate Capital INC,Other,Y,4/13/2026,380,POST INDICATOR,POSTSW,W992092,dean.davis@cibc.com,ad\ddavis2,Dean Davis
2748293,Sungate Investments LLC,Commercial Banking,Y,4/6/2026,380,POST INDICATOR,POSTSW,W992093,ella.evans@cibc.com,ad\eevans,Ella Evans
3920748,Eastgate Capital LTD,Private Wealth,Y,4/29/2026,380,POST INDICATOR,POSTSW,W992094,finn.foster@cibc.com,ad\ffoster2,Finn Foster
4837294,Whitegate Partners INC,Commercial Real Estate,Y,4/14/2026,380,POST INDICATOR,POSTSW,W992095,gwen.garcia@cibc.com,ad\ggarcia2,Gwen Garcia
5748293,Broadgate Capital LLC,Commercial Banking,Y,4/14/2026,380,POST INDICATOR,POSTSW,W992096,hugo.harris@cibc.com,ad\hharris2,Hugo Harris
6293748,Harborgate Group LTD,Private Wealth,Y,4/21/2026,380,POST INDICATOR,POSTSW,W992097,iris.irwin@cibc.com,ad\iirwin2,Iris Irwin
7483926,Ridgegate Enterprises INC,Commercial Real Estate,Y,4/21/2026,380,POST INDICATOR,POSTSW,W992098,jake.jones@cibc.com,ad\jjones2,Jake Jones
8374293,Stonegate Capital LLC,Commercial Banking,Y,4/22/2026,380,POST INDICATOR,POSTSW,W992073,kate.king@cibc.com,ad\kking,Kate King
9283748,Bluegate Financial LTD,Retail & Digital Banking,Y,4/23/2026,380,POST INDICATOR,POSTSW,W992074,leo.lewis@cibc.com,ad\llewis,Leo Lewis
1748293,Greengate Holdings INC,Private Wealth,Y,4/24/2026,380,POST INDICATOR,POSTSW,W992075,mia.martin@cibc.com,ad\mmartin,Mia Martin
